{"cameraMode":{"drawMode":0,"name":"Shaded","section":"Shading Mode"},"sceneLighting":false,"audioPlay":false,"sceneViewState":{"showFog":true,"showMaterialUpdate":true,"showSkybox":true,"showFlares":true,"showImageEffects":true,"showParticleSystems":true},"in2DMode":false,"pivot":{"x":247.62319946289063,"y":337.2928771972656,"z":8.897216796875},"rotation":{"x":-0.0767136812210083,"y":0.023027146235108377,"z":-0.001771863317117095,"w":-0.9967856407165527},"size":17.53488540649414,"orthographic":false}